taxon,taxon2,taxon3,taxon4,taxon5,notes,sessile,flag,remove
Ascidiacea,Ascidiacea,Ascidiacea,Ascidiacea,Ascidiacea,tunicate catch-all,1,,
Anoplodactylus,Anoplodactylus,Pycnogonida,Pycnogonida,Pycnogonida,,,,
Lepasterias.hexactis,Lepasterias.hexactis,Asteroidea,Asteroidea,Asteroidea,"seems doubtful, but okay",,,
Solasteridae,Solasteridae,Asteroidea,Asteroidea,Asteroidea,cool,,,
Unknown.sea.star..I.think.only.1.sp.,Asteroidea,Asteroidea,Asteroidea,Asteroidea,,,,
Balanus.crenatus,Balanus,Balanus,Balanidae,Balanidae,,1,,
Balanus.sp.,Balanus,Balanus,Balanidae,Balanidae,,1,,
Sessilia,Balanus,Balanus,Balanidae,Balanidae,,1,,
Bivalvia,Bivalvia,Bivalvia,Veneridae,Bivalvia,"very coarse; guess that many of these are clams, because mussels should be obvious",,,
Mytilidae,Mytilidae,Mytilidae,Mytilidae,Bivalvia,,,,
Mytilus.trossulus,Mytilidae,Mytilidae,Mytilidae,Bivalvia,hard to distinguish from M. californianus when very small,,,
Nutricola.sp.,Veneroida,Veneroida,Veneridae,Bivalvia,"likely infaunal, incidental catch along with Lysianassidea",1,,1
Pectinidae,Pectinidae,Pectinidae,Pectinidae,Bivalvia,"okay, not really sessile, but probably pretty rare",1,,1
Veneroida,Veneroida,Veneroida,Veneridae,Bivalvia,,,,1
Gymnolaemata,Bryozoa,Bryozoa,Gymnolaemata,Bryozoa,"sessile, ignore",1,,1
Alia.carinata,Alia.carinata,Alia.carinata,Columbellidae,Buccinoidea,,,,
Amphissa,Amphissa.columbiana,Amphissa.columbiana,Columbellidae,Buccinoidea,,,,
Amphissa.columbiana,Amphissa.columbiana,Amphissa.columbiana,Columbellidae,Buccinoidea,,,,
Colus.sp.,Colus,Colus,Buccinidae,Buccinoidea,,,,
Nassarius.mendicus,Nassarius.mendicus,Nassarius.mendicus,Nassariidae,Buccinoidea,?could be confused with Amphissa columbiana,,,
Caprella,Caprella,Caprellidae,Caprellidae,Caprellidae,,,,
Caprella.californica,Caprella.californica,Caprellidae,Caprellidae,Caprellidae,,,,
Caprella.laeviuscula,Caprella.laeviuscula,Caprellidae,Caprellidae,Caprellidae,,,,
Caprella.mutica,Metacaprella.kennerlyi,Caprellidae,Caprellidae,Caprellidae,revisted by Felipe and Whalen on 20190725,,,
Bittium.eschrichtii,Bittium,Cerithiidae,Cerithiidae,Cerithioidea,,,,
Cerithiidae,Cerithiidae,Cerithiidae,Cerithiidae,Cerithioidea,,,,
Actiniidae,Actiniidae,Actiniidae,Actiniidae,Cnidaria,anemone catch-all,1,,
Haliclystidae,Stauromedusae,Stauromedusae,Haliclystidae,Cnidaria,"stalked jelly, should be treated same as actiniids",1,,
Sea.anemone..maybe.Diadumene.lineata.but.difficult.to.ID.,Diadumene,Actiniidae,Actiniidae,Cnidaria,,1,,
Sea.anemone..perhaps.Epiactis.prolifera..difficult.to.ID.,Epiactis,Actiniidae,Actiniidae,Cnidaria,,1,,
Americorphium,Americorphium,Corophiidae,Corophiidae,Corophiidae,,,,
Corophiidae,Corophiidae,Corophiidae,Corophiidae,Corophiidae,catch-all,,,
Monocorophium,Monocorophium,Corophiidae,Corophiidae,Corophiidae,,,,
Monocorophium.acherusicum,Monocorophium,Corophiidae,Corophiidae,Corophiidae,,,,
Protomedeia,Corophiidae,Corophiidae,Corophiidae,Corophiidae,,,,
Cumacea,Cumacea,Cumacea,Cumacea,Cumacea,likely to be infauna,,,1
Decapoda,Decapoda,Decapoda,Epialtidae,Decapoda,probably a small crab; assuming this is a kelp crab,,1,
Heptacarpus.sp.,Heptacarpus,Heptacarpus,Hippolytidae,Decapoda,,,,
Metacarcinus.magister,Metacarcinus.magister,Metacarcinus.magister,Cancridae,Decapoda,,,,
Paguridae,Paguridae,Paguridae,Paguridae,Decapoda,,,,
Pagurus,Pagurus,Paguridae,Paguridae,Decapoda,,,,
Pagurus.quaylei,Pagurus,Paguridae,Paguridae,Decapoda,,,,
Pleocyemata,Pleocyemata,,Epialtidae,Decapoda,"incredibly coarse, revisit this; probably a brachyuran (asuming Epialtidae for now)",,1,
Pugettia.richii,Pugettia,Pugettia,Epialtidae,Decapoda,,,,
Pugettia.sp.,Pugettia,Pugettia,Epialtidae,Decapoda,,,,
Strongylocentrotus.sp..,Echinoidea,Echinoidea,Strongylocentrotidae,Echinoidea,,,,
Enteropneusta,Enteropneusta,Enteropneusta,Enteropneusta,Enteropneusta,doubtful ID,,,
Lumbrineridae,Lumbrineridae,Lumbrineridae,Lumbrineridae,Eunicida,,,,
Amphitoidae,Ampithoidae,Ampithoidae,Ampithoidae,Gammaridean,,,,
Ampithoe.lacertosa,Ampithoe.lacertosa,Ampithoidae,Ampithoidae,Gammaridean,,,,
Ampithoe.sectimanus,Ampithoe.sectimanus,Ampithoidae,Ampithoidae,Gammaridean,,,,
Ampithoe.spp.,Ampithoe.spp.,Ampithoidae,Ampithoidae,Gammaridean,,,,
Ampithoidae,Ampithoidae,Ampithoidae,Ampithoidae,Gammaridean,,,,
Aoridae,Aoroides,Aoroides,Aoridae,Gammaridean,,,,
Aoroides,Aoroides,Aoroides,Aoridae,Gammaridean,,,,
Aoroides.intermedia,Aoroides,Aoroides,Aoridae,Gammaridean,,,,
Aoroides.spp.,Aoroides,Aoroides,Aoridae,Gammaridean,,,,
Cymadusa.uncinata,Ampithoidae,Ampithoidae,Aoridae,Gammaridean,"likely wrong, although seen in Puget Sound",,,
Eogammarus.confervicolus,Eogammarus.confervicolus,Gammaropsis-like,Anisogammaridae,Gammaridean,"could be but also could be Gammaropsis, pretty easy to confuse",,,
Ericthonius,Ericthonius,Ericthonius,Ischyroceridae,Gammaridean,,,,
Ericthonius.rubricornis,Ericthonius,Ericthonius,Ischyroceridae,Gammaridean,,,,
Eusiroidea,Pontogeneia,Pontogeneia,Eusiridae,Gammaridean,"hard to tell many of these apart, but likely to be this genus",,,
Gammaidean.Amphipod...1mm.,Gammaridean,Gammaridean,Gammaridean,Gammaridean,"too coarse, but this is THE level from 2015",,1,
Gammaridea,Gammaridean,Gammaridean,Gammaridean,Gammaridean,"too coarse, but this is THE level from 2016,2017",,1,
Gammaropsis,Gammaropsis,Gammaropsis-like,Photidae,Gammaridean,,,,
Gammaropsis.barnardi,Gammaropsis,Gammaropsis-like,Photidae,Gammaridean,,,,
Gammaropsis.thomsoni,Gammaropsis,Gammaropsis-like,Photidae,Gammaridean,,,,
Heterophoxus,Heterophoxus,Lysianassoidea,Lysianassidae,Gammaridean,could be lyssianasid,,,1
Hyalellidae,Hyalellidae,Hyaloidea,Hyalellidae,Gammaridean,hard to distinguish Hyalellidae from Hyalidae,,,
Hyalidae,Hyalidae,Hyaloidea,Hyalidae,Gammaridean,hard to distinguish Hyalellidae from Hyalidae,,,
Isaeidae,Isaeidae,Isaeidae,Isaeidae,Gammaridean,,,,
Ischyroceridae,Ischyrocerus,Ischyroceridae,Ischyroceridae,Gammaridean,,,,
Ischyrocerus,Ischyrocerus,Ischyroceridae,Ischyroceridae,Gammaridean,,,,
Ischyrocerus.anguipes,Ischyrocerus,Ischyroceridae,Ischyroceridae,Gammaridean,,,,
Lepidepecreum.sp.,Lepidepecreum,Lysianassoidea,Lysianassidae,Gammaridean,,,,1
Paramoera,Pontogeneiidae,Pontogeneiidae,Pontogeneiidae,Gammaridean,,,1,
Peramphithoe,Ampithoidae,Ampithoidae,Ampithoidae,Gammaridean,,,,
Photis,Photis,Photis,Photidae,Gammaridean,,,,
Photis.brevipes,Photis,Photis,Photidae,Gammaridean,,,,
Pleustidae,Pleustidae,Pleustidae,Pleustidae,Gammaridean,,,,
Podoceridae,Podoceridae,Podoceridae,Podoceridae,Gammaridean,,,,
Pontogeneia,Pontogeneia,Pontogeneia,Eusiridae,Gammaridean,,,,
Pontogeneia.inermis,Pontogeneia,Pontogeneia,Eusiridae,Gammaridean,,,,
Pontogeneia.intermedia,Pontogeneia,Pontogeneia,Eusiridae,Gammaridean,,,,
Pontogeneia.rostrata,Pontogeneia,Pontogeneia,Eusiridae,Gammaridean,,,,
Protohyale,Protohyale,Hyaloidea,Hyalidae,Gammaridean,,,,
Protohyale.intermedia,Protohyale,Hyaloidea,Hyalidae,Gammaridean,,,,
Stenothoidae,Stenothoidae,Stenothoidae,Stenothoidae,Gammaridean,,,,
Talitridae,Lysianassoidea,Lysianassoidea,Talitridae,Gammaridean,"dubious, not found in revisit by Felipe and Whalen 20190725",,,1
Thorlaksonius,Thorlaksonius,Pleustidae,Pleustidae,Gammaridean,,,,
Thorlaksonius.subcarinatus,Thorlaksonius.subcarinatus,Pleustidae,Pleustidae,Gammaridean,,,,
Urothoidae,Urothoidae,Lysianassoidea,Urothoidae,Gammaridean,,,,1
Gastropoda,Gastropoda,Gastropoda,,Gastropoda,"very coarse, revisit this",,,1
Halacaridae,Halacaridae,Halacaridae,Halacaridae,Halacaridae,mite,,,
Unknown.red.Halacarid.mite,Halacaridae,Halacaridae,Halacaridae,Halacaridae,,,,
Haminoaea.sp.,Haminoea,Haminoea,Haminoeidae,Haminoea,,,,
Harpacticoid.copepod..multiple.species.,Harpacticoida,Harpacticoida,Harpacticoida,Harpacticoida,,,,
Harpacticoida,Harpacticoida,Harpacticoida,Harpacticoida,Harpacticoida,,,,
Porcellidium,Porcellidium,Harpacticoida,Harpacticoida,Harpacticoida,,,,
Anthuridae,Paranthura,Paranthura,Anthuridae,Isopoda,,,,
Cirolana.harfordi,Sphaeromatidae,Sphaeromatidae,Sphaeromatidae,Isopoda,probably wrong,,1,
Idotea,Pentidotea,Idoteidae,Idoteidae,Isopoda,not clear we can tell these apart reliably,,,
Idotea.montereynensis,Pentidotea,Idoteidae,Idoteidae,Isopoda,,,,
Idotea.resecata,Pentidotea,Idoteidae,Idoteidae,Isopoda,,,,
Idoteidae,Idoteidae,Idoteidae,Idoteidae,Isopoda,,,,
Isopoda,Isopoda,Isopoda,,Isopoda,"very coarse, revisit this",,1,1
Munnidae,Munnidae,Munnidae,Munnidae,Isopoda,,,,
Paracerceis.cordata,Sphaeromatidae,Sphaeromatidae,Sphaeromatidae,Isopoda,"probably not this genus, need to revisit this. Likely to be Exosphaeroma amplicauda ",,1,
Pentidotea,Pentidotea,Idoteidae,Idoteidae,Isopoda,,,,
Pentidotea.wosnesenskii,Pentidotea.wosnesenskii,Idoteidae,Idoteidae,Isopoda,,,,
Lacuna,Lacuna,Lacuna,Littorinidae,Littorinoidea,,,,
Lacuna.variegata,Lacuna.variegata,Lacuna,Littorinidae,Littorinoidea,,,,
Lacuna.vincta,Lacuna.vincta,Lacuna,Littorinidae,Littorinoidea,,,,
Littorinidae,Littorinidae,Littorinidae,Littorinidae,Littorinoidea,this is coarse. go back to these,,1,
Littorinimorpha,Littorinidae,Littorinidae,Littorinidae,Littorinoidea,this is extremely coarse. go back to these,,1,
Lottia.alveus,Lottia.alveus,Lottia.alveus,Lottiidae,Lottioidea,fucking cool (Whalen),,,
Lottia.alveus.paralella,Lottia.alveus,Lottia.alveus,Lottiidae,Lottioidea,fucking cool (Whalen),,,
Lottidae,Lottidae,Lottia.alveus,Lottiidae,Lottioidea,,,1,
Nematoda,Nematoda,Nematoda,Nematoda,Nematoda,,,,
Nematode,Nematoda,Nematoda,Nematoda,Nematoda,,,,
Neogastropoda,Neogastropoda,Neogastropoda,,Neogastropoda,"extremely broad, revisit",,1,1
Nudibranchia,Nudibranchia,Nudibranchia,Nudibranchia,Nudibranchia,"not many of these in samples, seems weird",,,
Amphipholis.pugetana,Amphipholis.pugetana,Ophiuroidea,Ophiuroidea,Ophiuroidea,,,,
Amphiuridae,Ophiuroidea,Ophiuroidea,Ophiuroidea,Ophiuroidea,brittle star catch-all,,,
Ophiuroidea,Ophiuroidea,Ophiuroidea,Ophiuroidea,Ophiuroidea,,,,
Ostracoda,Ostracoda,Ostracoda,Ostracoda,Ostracoda,,,,
Phyllaplysia.taylori,Phyllaplysia.taylori,Phyllaplysia.taylori,Notarchidae,Phyllaplysia.taylori,,,,
Chrysopetalidae,Paleanotus.bellis,Paleanotus.bellis,Chrysopetalidae,Phyllodocida,just one species as far as we know,,,
Eulalia,Eulalia,Phyllodocidae,Phyllodocidae,Phyllodocida,,,,
Exogone,Syllidae,Syllidae,Syllidae,Phyllodocida,difficult genus,,,
Exogone.sp.,Syllidae,Syllidae,Syllidae,Phyllodocida,difficult genus,,,
Hemipodia,Glyceridae,Glyceridae,Glyceridae,Phyllodocida,,,,
Hesionidae,Hesionidae,Hesionidae,Hesionidae,Phyllodocida,,,,
Hesionura.coineaui.difficilis,Phyllodocidae,Phyllodocidae,Phyllodocidae,Phyllodocida,,,,
Micronereis,Micronereis.nanaimoensis,Micronereis.nanaimoensis,Nereididae,Phyllodocida,,,,
Nereididae,Nereididae,Platynereis.bicanaliculata,Nereididae,Phyllodocida,likely Platynereis bicanaliculata,,,
Nereis.sp.,Nereididae,Platynereis.bicanaliculata,Nereididae,Phyllodocida,likely Platynereis bicanaliculata,,,
Pholoe.tuberculata,Pholoidae,Pholoidae,Pholoidae,Phyllodocida,could be Chrysopatelidae,,,
Pholoidae,Pholoidae,Pholoidae,Pholoidae,Phyllodocida,could be Chrysopatelidae,,,
Phyllodoce,Phyllodocidae,Phyllodocidae,Phyllodocidae,Phyllodocida,,,,
Phyllodocida,Phyllodocidae,Phyllodocidae,Phyllodocidae,Phyllodocida,,,,
Phyllodocidae,Phyllodocidae,Phyllodocidae,Phyllodocidae,Phyllodocida,,,,
Pilargidae,Pilargidae,Syllidae,Syllidae,Phyllodocida,,,,
Platynereis,Platynereis.bicanaliculata,Platynereis.bicanaliculata,Nereididae,Phyllodocida,,,,
Platynereis.bicanaliculata,Platynereis.bicanaliculata,Platynereis.bicanaliculata,Nereididae,Phyllodocida,,,,
Podarkeopsis.glabrus,Hesionidae,Hesionidae,Hesionidae,Phyllodocida,probably a different species,,,
Sthenelais,Polynoidae,Polynoidae,Polynoidae,Phyllodocida,,,,
Syllidae,Syllidae,Syllidae,Syllidae,Phyllodocida,,,,
Polychaeta,Polychaeta,Polychaeta,,Polychaeta,revisit these,,1,
Pycnogonid,Pycnogonida,Pycnogonida,Pycnogonida,Pycnogonida,,,,
Pycnogonida,Pycnogonida,Pycnogonida,Pycnogonida,Pycnogonida,,,,
Alvania.compacta,Alvania.compacta,Alvania.compacta,Rissoidae,Rissoidae,,,,
Rissoidae,Alvania.compacta,Alvania.compacta,Rissoidae,Rissoidae,revisted by Felipe and Whalen 20190725 ,,,
Janua.pagastecheri,Spirorbinae,Spirorbinae,Serpulidae,Sabellida,potentially multiple species; sessile,1,,1
Axiothella,Maldanidae,Maldanidae,Maldanidae,Scolecida,likely to be infauna,,,1
Capitella.capitata,Capitellidae,Capitellidae,Capitellidae,Scolecida,,,,
Leptochelia,Leptochelia,Leptochelia,Tanaidae,Tanaidacea,few species if more than one,,,
Leptochelia.dubia,Leptochelia.dubia,Leptochelia,Tanaidae,Tanaidacea,few species if more than one,,,
Terebellidae,Terebellidae,Terebellidae,Terebellidae,Terebellidae,,,,
Calliostoma.sp.,Calliostoma,Calliostoma,Calliostomatidae,Trochoidea,,,,
Lirularia,Lirularia,Lirularia,Trochidae,Trochoidea,,,,
Lirularia.lirulata,Lirularia.lirulata,Lirularia,Trochidae,Trochoidea,,,,
Margarites.helicinus,Margarites.helicinus,Margarites,Trochidae,Trochoidea,,,,
Margarites.pupillus,Margarites.pupillus,Margarites,Trochidae,Trochoidea,,,,
Solariella.permablis,Margarites,Trochoidea,Trochidae,Trochoidea,hmmm...only from 2014. Could be Margarites?,,1,
Tegula.funebralis,Tegula.funebralis,Trochoidea,Trochidae,Trochoidea,probably misidentified,,,
Dinophilidae,,,,,"doubtful, ignore",,,1
eggs,,,,,,,,1
Empty.polychaete.tubes,,,,,,,,1
Epitoniidae,Epitoniidae,Epitoniidae,,,doubtful,,,1
Fluff,,,,,,,,1
foil,,,,,,,,1
Foraminifera,,,,,,,,1
Lacuna.spp..Eggs,,,,,,,,1
larvae,,,,,unclear what this refers to,,,1
microfiber,,,,,,,,1
microplastic,,,,,,,,1
Stalked.thing,,,,,,,1,1
tin.foil,tin.foil,,,,,,,1
Tiny.red.striped.snail,Tiny.red.striped.snail,,,,"did not find in revisit, likely Margarites",,,1
Unk.Fish.Eggs.,,,,,,,,1
Unk1..polychaete..,Unk1..polychaete..,,,,,,1,1
Unk2..polychaete..,Unk2..polychaete..,,,,,,1,1
unknown.squiggle,,,,,,,,1
